year,month,day,hour,power
2017,10,5,0,1034.74
2017,10,5,1,896.62
2017,10,5,2,799.47
2017,10,5,3,669.83
2017,10,5,4,390.73
2017,10,5,5,290.92
2017,10,5,6,247.57
2017,10,5,7,141.76
2017,10,5,8,218.18
2017,10,5,9,405.44
2017,10,5,10,401.97
2017,10,5,11,513.24
2017,10,5,12,819.34
2017,10,5,13,1136.13
2017,10,5,14,791.26
2017,10,5,15,888.52
2017,10,5,16,691.31
2017,10,5,17,441.4
2017,10,5,18,462.33
2017,10,5,19,568.76
2017,10,5,20,484.87
2017,10,5,21,445.08
2017,10,5,22,620.97
2017,10,5,23,1343.54
2017,10,6,0,1490.89
2017,10,6,1,1203.68
2017,10,6,2,1009.45
2017,10,6,3,604.08
2017,10,6,4,301.84
2017,10,6,5,196.75
2017,10,6,6,210.45
2017,10,6,7,170.39
2017,10,6,8,111.75
2017,10,6,9,237.97
2017,10,6,10,400.7
2017,10,6,11,511.36
2017,10,6,12,814.18
2017,10,6,13,737.6
2017,10,6,14,727.07
2017,10,6,15,869.74
2017,10,6,16,566.09
2017,10,6,17,546.18
2017,10,6,18,422.84
2017,10,6,19,493.78
2017,10,6,20,531.53
2017,10,6,21,531.47
2017,10,6,22,549.78
2017,10,6,23,1370.91
2017,10,7,0,1616.06
2017,10,7,1,1316.96
2017,10,7,2,952.32
2017,10,7,3,656.47
2017,10,7,4,710.95
2017,10,7,5,345.54
2017,10,7,6,320.95
2017,10,7,7,228.16
2017,10,7,8,180.61
2017,10,7,9,314.76
2017,10,7,10,314.65
2017,10,7,11,526.61
2017,10,7,12,787.2
2017,10,7,13,829.3
2017,10,7,14,1018.03
2017,10,7,15,859.73
2017,10,7,16,801.09
2017,10,7,17,683.84
2017,10,7,18,574.02
2017,10,7,19,422.85
2017,10,7,20,603.44
2017,10,7,21,510.06
2017,10,7,22,496.92
2017,10,7,23,1353.16
2017,10,8,0,1613.74
2017,10,8,1,1493.37
2017,10,8,2,939.84
2017,10,8,3,834.03
2017,10,8,4,526.83
2017,10,8,5,352.28
2017,10,8,6,250.03
2017,10,8,7,201.67
2017,10,8,8,209.68
2017,10,8,9,348.79
2017,10,8,10,506.67
2017,10,8,11,497.39
2017,10,8,12,828.21
2017,10,8,13,1195.16
2017,10,8,14,925.55
2017,10,8,15,1009.53
2017,10,8,16,846.87
2017,10,8,17,701.99
2017,10,8,18,699.25
2017,10,8,19,759.55
2017,10,8,20,511.73
2017,10,8,21,466.27
2017,10,8,22,718.36
2017,10,8,23,1381.36
2017,10,9,0,1817.39
2017,10,9,1,1556.04
2017,10,9,2,1061.75
2017,10,9,3,671.37
2017,10,9,4,481.36
2017,10,9,5,390.65
2017,10,9,6,282.21
2017,10,9,7,201.67
2017,10,9,8,188.14
2017,10,9,9,334.6
2017,10,9,10,468.6
2017,10,9,11,671.06
2017,10,9,12,901.61
2017,10,9,13,898.88
2017,10,9,14,1054.36
2017,10,9,15,1083.15
2017,10,9,16,621.48
2017,10,9,17,566.32
2017,10,9,18,493.65
2017,10,9,19,772.98
2017,10,9,20,790.95
2017,10,9,21,739.02
2017,10,9,22,647.14
2017,10,9,23,1675.85
2017,10,10,0,1703.82
2017,10,10,1,1186.86
2017,10,10,2,764.58
2017,10,10,3,461.25
2017,10,10,4,587.48
2017,10,10,5,454.92
2017,10,10,6,352.73
2017,10,10,7,208.22
2017,10,10,8,377.47
2017,10,10,9,447.15
2017,10,10,10,466.09
2017,10,10,11,674.73
2017,10,10,12,938.8
2017,10,10,13,1203.84
2017,10,10,14,1238.34
2017,10,10,15,1145.5
2017,10,10,16,877.35
2017,10,10,17,751.25
2017,10,10,18,472.52
2017,10,10,19,628.61
2017,10,10,20,832.01
2017,10,10,21,657.35
2017,10,10,22,783.24
2017,10,10,23,1613.58
2017,10,11,0,1731.05
2017,10,11,1,1351.15
2017,10,11,2,882.61
2017,10,11,3,568.94
2017,10,11,4,578.33
2017,10,11,5,320.8
2017,10,11,6,268.13
2017,10,11,7,172.54
2017,10,11,8,183.71
2017,10,11,9,337.82
2017,10,11,10,486.1
2017,10,11,11,761.43
2017,10,11,12,1119.77
2017,10,11,13,1202.35
2017,10,11,14,1212.76
2017,10,11,15,1235.11
2017,10,11,16,671.42
2017,10,11,17,584.06
2017,10,11,18,531.66
2017,10,11,19,633.08
2017,10,11,20,686.43
2017,10,11,21,676.01
2017,10,11,22,676.01
2017,10,11,23,1823.18
2017,10,12,0,1845.89
2017,10,12,1,1269.26
2017,10,12,2,1060.75
2017,10,12,3,723.43
2017,10,12,4,493.62
2017,10,12,5,363.8
2017,10,12,6,384.95
2017,10,12,7,271.25
2017,10,12,8,246.54
2017,10,12,9,404.52
2017,10,12,10,541.4
2017,10,12,11,638.32
2017,10,12,12,945.54
2017,10,12,13,1047.04
2017,10,12,14,958.96
2017,10,12,15,1121.48
2017,10,12,16,799.95
2017,10,12,17,514.03
2017,10,12,18,517.9
2017,10,12,19,549.8
2017,10,12,20,651.97
2017,10,12,21,733.5
2017,10,12,22,754.17
2017,10,12,23,1769.06
2017,10,13,0,1943.09
2017,10,13,1,1266.7
2017,10,13,2,954.99
2017,10,13,3,828.55
2017,10,13,4,477.41
2017,10,13,5,447.83
2017,10,13,6,270.49
2017,10,13,7,315.84
2017,10,13,8,237.81
2017,10,13,9,392.8
2017,10,13,10,582.89
2017,10,13,11,644.41
2017,10,13,12,1117.65
2017,10,13,13,1198.53
2017,10,13,14,1269.83
2017,10,13,15,1103.55
2017,10,13,16,850.47
2017,10,13,17,482.44
2017,10,13,18,452.24
2017,10,13,19,568.61
2017,10,13,20,577.55
2017,10,13,21,752.48
2017,10,13,22,740.94
2017,10,13,23,1659.74
2017,10,14,0,1612.19
2017,10,14,1,1344.92
2017,10,14,2,1064.12
2017,10,14,3,842.83
2017,10,14,4,472.38
2017,10,14,5,367.14
2017,10,14,6,293.83
2017,10,14,7,232.58
2017,10,14,8,246.08
2017,10,14,9,357.39
2017,10,14,10,491.6
2017,10,14,11,540.91
2017,10,14,12,847.27
2017,10,14,13,1114.56
2017,10,14,14,1010.14
2017,10,14,15,986.07
2017,10,14,16,888.21
2017,10,14,17,728.97
2017,10,14,18,677.21
2017,10,14,19,539.7
2017,10,14,20,520.78
2017,10,14,21,542.52
2017,10,14,22,735.07
2017,10,14,23,1472.98
2017,10,15,0,1591.13
2017,10,15,1,1215.79
2017,10,15,2,871.89
2017,10,15,3,824.92
2017,10,15,4,538.69
2017,10,15,5,435.34
2017,10,15,6,328.23
2017,10,15,7,156.67
2017,10,15,8,196.37
2017,10,15,9,290.52
2017,10,15,10,444.87
2017,10,15,11,679.47
2017,10,15,12,761.28
2017,10,15,13,967.01
2017,10,15,14,1048.92
2017,10,15,15,1088.24
2017,10,15,16,613.48
2017,10,15,17,659.31
2017,10,15,18,508.73
2017,10,15,19,467.65
2017,10,15,20,592.77
2017,10,15,21,534.89
2017,10,15,22,613.6
2017,10,15,23,1709.86
2017,10,16,0,1979.25
2017,10,16,1,1234.34
2017,10,16,2,1079.06
2017,10,16,3,544.49
2017,10,16,4,398.8
2017,10,16,5,332.51
2017,10,16,6,318.66
2017,10,16,7,135.18
2017,10,16,8,277.12
2017,10,16,9,494.98
2017,10,16,10,421.89
2017,10,16,11,816.37
2017,10,16,12,1183.39
2017,10,16,13,1228.64
2017,10,16,14,1295.01
2017,10,16,15,1168.71
2017,10,16,16,874.9
2017,10,16,17,748.29
2017,10,16,18,589.14
2017,10,16,19,613.02
2017,10,16,20,528.92
2017,10,16,21,617.28
2017,10,16,22,711.62
2017,10,16,23,1779.47
2017,10,17,0,1646.4
2017,10,17,1,1395.9
2017,10,17,2,1222.81
2017,10,17,3,773.71
2017,10,17,4,516.19
2017,10,17,5,362.21
2017,10,17,6,388.04
2017,10,17,7,185.97
2017,10,17,8,231.27
2017,10,17,9,426.17
2017,10,17,10,559.23
2017,10,17,11,612.8
2017,10,17,12,1017.29
2017,10,17,13,1145.08
2017,10,17,14,1037.2
2017,10,17,15,983.37
2017,10,17,16,795.62
2017,10,17,17,476.76
2017,10,17,18,534.85
2017,10,17,19,709.03
2017,10,17,20,636.27
2017,10,17,21,665.15
2017,10,17,22,709.27
2017,10,17,23,1395.22
2017,10,18,0,1753.45
2017,10,18,1,1258.15
2017,10,18,2,642.44
2017,10,18,3,646.9
2017,10,18,4,437.51
2017,10,18,5,400.33
2017,10,18,6,312.31
2017,10,18,7,201.14
2017,10,18,8,213.16
2017,10,18,9,308.92
2017,10,18,10,560.72
2017,10,18,11,863.3
2017,10,18,12,1146.76
2017,10,18,13,1024.81
2017,10,18,14,1053.63
2017,10,18,15,1138.42
2017,10,18,16,573.95
2017,10,18,17,493.32
2017,10,18,18,803.83
2017,10,18,19,755.7
2017,10,18,20,748.72
2017,10,18,21,760.34
2017,10,18,22,887.03
2017,10,18,23,1636.78
2017,10,19,0,1651.56
2017,10,19,1,1130.64
2017,10,19,2,1161.21
2017,10,19,3,913.45
2017,10,19,4,537.72
2017,10,19,5,515.4
2017,10,19,6,279.11
2017,10,19,7,134.98
2017,10,19,8,199.91
2017,10,19,9,399.8
2017,10,19,10,429.11
2017,10,19,11,912.97
2017,10,19,12,1192.52
2017,10,19,13,1369.3
2017,10,19,14,1145.82
2017,10,19,15,1472.42
2017,10,19,16,817.3
2017,10,19,17,573.88
2017,10,19,18,601.93
2017,10,19,19,511.48
2017,10,19,20,801.48
2017,10,19,21,763.23
2017,10,19,22,820.66
2017,10,19,23,1639.72
2017,10,20,0,1883.33
2017,10,20,1,1637.76
2017,10,20,2,1360.77
2017,10,20,3,739.8
2017,10,20,4,519.68
2017,10,20,5,361.4
2017,10,20,6,168.81
2017,10,20,7,224.2
2017,10,20,8,244.33
2017,10,20,9,410.78
2017,10,20,10,541.72
2017,10,20,11,832.89
2017,10,20,12,1061.09
2017,10,20,13,1360.96
2017,10,20,14,1459.94
2017,10,20,15,1493.05
2017,10,20,16,871.81
2017,10,20,17,601.43
2017,10,20,18,593.38
2017,10,20,19,626.28
2017,10,20,20,684.31
2017,10,20,21,904.75
2017,10,20,22,1002.89
2017,10,20,23,1829.63
2017,10,21,0,2076.15
2017,10,21,1,1940.13
2017,10,21,2,1549.99
2017,10,21,3,1009.24
2017,10,21,4,863.33
2017,10,21,5,669.81
2017,10,21,6,403.33
2017,10,21,7,269.56
2017,10,21,8,189.27
2017,10,21,9,423
2017,10,21,10,536.17
2017,10,21,11,475.87
2017,10,21,12,899.38
2017,10,21,13,1347.05
2017,10,21,14,1200.88
2017,10,21,15,1807.34
2017,10,21,16,1071.62
2017,10,21,17,544.69
2017,10,21,18,512.38
2017,10,21,19,600.15
2017,10,21,20,637.36
2017,10,21,21,515.8
2017,10,21,22,535.5
2017,10,21,23,1273.67
2017,10,22,0,1873.95
2017,10,22,1,1684.37
2017,10,22,2,1255.8
2017,10,22,3,790.57
2017,10,22,4,648.99
2017,10,22,5,440.46
2017,10,22,6,263.3
2017,10,22,7,142.68
2017,10,22,8,217.08
2017,10,22,9,287.77
2017,10,22,10,394.71
2017,10,22,11,699.33
2017,10,22,12,1021.39
2017,10,22,13,1315.24
2017,10,22,14,1155.48
2017,10,22,15,1330.69
2017,10,22,16,866.02
2017,10,22,17,746.66
2017,10,22,18,642.76
2017,10,22,19,627.35
2017,10,22,20,605.34
2017,10,22,21,637.72
2017,10,22,22,695.6
2017,10,22,23,1658.97
2017,10,23,0,1879.73
2017,10,23,1,1343.26
2017,10,23,2,1131.59
2017,10,23,3,757.13
2017,10,23,4,766.2
2017,10,23,5,566.6
2017,10,23,6,308.67
2017,10,23,7,269.25
2017,10,23,8,177.6
2017,10,23,9,405.43
2017,10,23,10,538.57
2017,10,23,11,645.58
2017,10,23,12,1005.27
2017,10,23,13,1367.91
2017,10,23,14,1208.36
2017,10,23,15,1154.5
2017,10,23,16,665.63
2017,10,23,17,680.21
2017,10,23,18,560.14
2017,10,23,19,632.62
2017,10,23,20,719.18
2017,10,23,21,716.71
2017,10,23,22,781.38
2017,10,23,23,1632.02
2017,10,24,0,1490.02
2017,10,24,1,945.83
2017,10,24,2,737.06
2017,10,24,3,679.97
2017,10,24,4,514.39
2017,10,24,5,399.99
2017,10,24,6,234.28
2017,10,24,7,248.26
2017,10,24,8,247.93
2017,10,24,9,454.47
2017,10,24,10,526.63
2017,10,24,11,1091.57
2017,10,24,12,1409.54
2017,10,24,13,1380.14
2017,10,24,14,1257.23
2017,10,24,15,1151.42
2017,10,24,16,846.34
2017,10,24,17,626.09
2017,10,24,18,556.71
2017,10,24,19,510.83
2017,10,24,20,626.51
2017,10,24,21,599.17
2017,10,24,22,766
2017,10,24,23,1881.99
2017,10,25,0,1961.85
2017,10,25,1,1654.74
2017,10,25,2,1238.13
2017,10,25,3,857.82
2017,10,25,4,632.37
2017,10,25,5,396.58
2017,10,25,6,341.02
2017,10,25,7,114.71
2017,10,25,8,279.51
2017,10,25,9,482.95
2017,10,25,10,477.01
2017,10,25,11,679.23
2017,10,25,12,1104.94
2017,10,25,13,1433.3
2017,10,25,14,1169.73
2017,10,25,15,1355.6
2017,10,25,16,919.81
2017,10,25,17,684.38
2017,10,25,18,588.56
2017,10,25,19,640.78
2017,10,25,20,782.31
2017,10,25,21,754.65
2017,10,25,22,813.13
2017,10,25,23,1510.03
2017,10,26,0,1781.41
2017,10,26,1,1476.63
2017,10,26,2,1270.99
2017,10,26,3,993.08
2017,10,26,4,558.18
2017,10,26,5,455.09
2017,10,26,6,314.02
2017,10,26,7,168.89
2017,10,26,8,204.05
2017,10,26,9,354.93
2017,10,26,10,457.32
2017,10,26,11,806.59
2017,10,26,12,1061.61
2017,10,26,13,1471.66
2017,10,26,14,1370
2017,10,26,15,1119.1
2017,10,26,16,909.43
2017,10,26,17,548.29
2017,10,26,18,515.91
2017,10,26,19,588.24
2017,10,26,20,821.32
2017,10,26,21,818.9
2017,10,26,22,786.67
2017,10,26,23,1617.81
2017,10,27,0,1887.86
2017,10,27,1,1615.92
2017,10,27,2,1224.75
2017,10,27,3,754.89
2017,10,27,4,687.72
2017,10,27,5,550.71
2017,10,27,6,221.8
2017,10,27,7,132.34
2017,10,27,8,229.26
2017,10,27,9,327.83
2017,10,27,10,467.42
2017,10,27,11,834.01
2017,10,27,12,1257.23
2017,10,27,13,1470.37
2017,10,27,14,1322.98
2017,10,27,15,1480.35
2017,10,27,16,903.75
2017,10,27,17,604.28
2017,10,27,18,600.33
2017,10,27,19,692.03
2017,10,27,20,737.7
2017,10,27,21,745.66
2017,10,27,22,919.93
2017,10,27,23,1656.9
2017,10,28,0,1979
2017,10,28,1,1483.18
2017,10,28,2,969.34
2017,10,28,3,763.41
2017,10,28,4,641.14
2017,10,28,5,572.62
2017,10,28,6,391.62
2017,10,28,7,170.1
2017,10,28,8,214.66
2017,10,28,9,331.56
2017,10,28,10,403.96
2017,10,28,11,585.54
2017,10,28,12,854.66
2017,10,28,13,965.66
2017,10,28,14,1142.9
2017,10,28,15,1388.53
2017,10,28,16,933.66
2017,10,28,17,653.09
2017,10,28,18,581.94
2017,10,28,19,684.39
2017,10,28,20,686.44
2017,10,28,21,468.18
2017,10,28,22,683.96
2017,10,28,23,1500.07
2017,10,29,0,1734.71
2017,10,29,1,1437.41
2017,10,29,2,1353.7
2017,10,29,3,917.26
2017,10,29,4,623.1
2017,10,29,5,464.29
2017,10,29,6,394.75
2017,10,29,7,233.75
2017,10,29,8,209.65
2017,10,29,9,307.97
2017,10,29,10,364.45
2017,10,29,11,631.36
2017,10,29,12,922.48
2017,10,29,13,1123.08
2017,10,29,14,1019.95
2017,10,29,15,1036.92
2017,10,29,16,829.61
2017,10,29,17,686.45
2017,10,29,18,522.92
2017,10,29,19,544.72
2017,10,29,20,632.17
2017,10,29,21,789.2
2017,10,29,22,842.06
2017,10,29,23,1714.27
2017,10,30,0,1784.84
2017,10,30,1,1442.47
2017,10,30,2,838.22
2017,10,30,3,602.88
2017,10,30,4,445.58
2017,10,30,5,410.11
2017,10,30,6,274.66
2017,10,30,7,148.06
2017,10,30,8,237.88
2017,10,30,9,573.37
2017,10,30,10,596.72
2017,10,30,11,801.39
2017,10,30,12,1110.96
2017,10,30,13,1439.77
2017,10,30,14,1223.48
2017,10,30,15,1085.3
2017,10,30,16,854.45
2017,10,30,17,746.98
2017,10,30,18,498.23
2017,10,30,19,544
2017,10,30,20,703.35
2017,10,30,21,759.67
2017,10,30,22,674.18
2017,10,30,23,1810.06
2017,10,31,0,1624.11
2017,10,31,1,1288.97
2017,10,31,2,976.69
2017,10,31,3,579.11
2017,10,31,4,432.8
2017,10,31,5,418.14
2017,10,31,6,193.96
2017,10,31,7,152.83
2017,10,31,8,208.15
2017,10,31,9,491.09
2017,10,31,10,530.7
2017,10,31,11,716.6
2017,10,31,12,1039.45
2017,10,31,13,1312.39
2017,10,31,14,1174.08
2017,10,31,15,1139.81
2017,10,31,16,803.87
2017,10,31,17,548.74
2017,10,31,18,579.32
2017,10,31,19,696.89
2017,10,31,20,840.55
2017,10,31,21,869.16
2017,10,31,22,885.56
2017,10,31,23,1891.94
2017,11,1,0,1825.69
2017,11,1,1,1580.47
2017,11,1,2,1181.98
2017,11,1,3,883.79
2017,11,1,4,544.05
2017,11,1,5,442.78
2017,11,1,6,410.49
2017,11,1,7,115.12
2017,11,1,8,295.48
2017,11,1,9,524.62
2017,11,1,10,586.82
2017,11,1,11,739.75
2017,11,1,12,1076.68
2017,11,1,13,1307.78
2017,11,1,14,1264.43
2017,11,1,15,1311.98
2017,11,1,16,788.25
2017,11,1,17,669.92
2017,11,1,18,485.23
2017,11,1,19,616.18
2017,11,1,20,714.75
2017,11,1,21,666.44
2017,11,1,22,707.47
2017,11,1,23,1738.81
2017,11,2,0,1806.89
2017,11,2,1,1572.12
2017,11,2,2,1161.77
2017,11,2,3,786.08
2017,11,2,4,520.15
2017,11,2,5,314.48
2017,11,2,6,292.04
2017,11,2,7,147.45
2017,11,2,8,255.25
2017,11,2,9,343.43
2017,11,2,10,369.75
2017,11,2,11,692.26
2017,11,2,12,1261.62
2017,11,2,13,1257.62
2017,11,2,14,1179.76
2017,11,2,15,1254.43
2017,11,2,16,568.94
2017,11,2,17,517.38
2017,11,2,18,664.23
2017,11,2,19,700.04
2017,11,2,20,914.96
2017,11,2,21,805.35
2017,11,2,22,735.47
2017,11,2,23,1762.15
2017,11,3,0,1925.06
2017,11,3,1,1301.94
2017,11,3,2,838.77
2017,11,3,3,806.72
2017,11,3,4,516.9
2017,11,3,5,413.02
2017,11,3,6,278.14
2017,11,3,7,148.33
2017,11,3,8,300.9
2017,11,3,9,423.67
2017,11,3,10,482.55
2017,11,3,11,668.38
2017,11,3,12,936.84
2017,11,3,13,1133.88
2017,11,3,14,1195.06
2017,11,3,15,1298.75
2017,11,3,16,1042.51
2017,11,3,17,817.29
2017,11,3,18,603.48
2017,11,3,19,714.03
2017,11,3,20,877.98
2017,11,3,21,626.24
2017,11,3,22,698.23
2017,11,3,23,1625.39
2017,11,4,0,1522.3
2017,11,4,1,949.27
2017,11,4,2,769.68
2017,11,4,3,607.53
2017,11,4,4,278.37
2017,11,4,5,271.3
2017,11,4,6,172.82
2017,11,4,7,244.24
2017,11,4,8,309.81
2017,11,4,9,390.32
2017,11,4,10,525.49
2017,11,4,11,687.58
2017,11,4,12,889.74
2017,11,4,13,1238.05
2017,11,4,14,1067.58
2017,11,4,15,1228.11
2017,11,4,16,927.03
2017,11,4,17,618.43
2017,11,4,18,576.44
2017,11,4,19,653.93
2017,11,4,20,560.49
2017,11,4,21,558.02
2017,11,4,22,624.96
2017,11,4,23,1320.66
2017,11,5,0,1705.6
2017,11,5,1,1147.71
2017,11,5,2,924
2017,11,5,3,951.09
2017,11,5,4,670.55
2017,11,5,5,476.29
2017,11,5,6,367.89
2017,11,5,7,163.35
2017,11,5,8,227.28
2017,11,5,9,321.49
2017,11,5,10,383.43
2017,11,5,11,424.62
2017,11,5,12,665.77
2017,11,5,13,1012.23
2017,11,5,14,991.72
2017,11,5,15,1118.88
2017,11,5,16,750.76
2017,11,5,17,810.35
2017,11,5,18,642.82
2017,11,5,19,589.38
2017,11,5,20,670.75
2017,11,5,21,613.87
2017,11,5,22,698.5
2017,11,5,23,1628.96
2017,11,6,0,1570.44
2017,11,6,1,1077.23
2017,11,6,2,880.98
2017,11,6,3,595.55
2017,11,6,4,490.36
2017,11,6,5,380.44
2017,11,6,6,325.41
2017,11,6,7,163.03
2017,11,6,8,295.52
2017,11,6,9,577.74
2017,11,6,10,751.44
2017,11,6,11,739.03
2017,11,6,12,1137.06
2017,11,6,13,1168.82
2017,11,6,14,983.78
2017,11,6,15,995.81
2017,11,6,16,728.85
2017,11,6,17,522.31
2017,11,6,18,439.58
2017,11,6,19,573.05
2017,11,6,20,714.87
2017,11,6,21,659.48
2017,11,6,22,709.73
2017,11,6,23,1699.59
2017,11,7,0,1501.07
2017,11,7,1,1185.93
2017,11,7,2,800.19
2017,11,7,3,688.68
2017,11,7,4,590.95
2017,11,7,5,515.17
2017,11,7,6,325.83
2017,11,7,7,144.25
2017,11,7,8,283.16
2017,11,7,9,374.61
2017,11,7,10,553.66
2017,11,7,11,831.62
2017,11,7,12,1043.63
2017,11,7,13,1138.82
2017,11,7,14,1084.29
2017,11,7,15,1167.37
2017,11,7,16,678.61
2017,11,7,17,523.53
2017,11,7,18,561.87
2017,11,7,19,637.95
2017,11,7,20,653.15
2017,11,7,21,690.3
2017,11,7,22,910.02
2017,11,7,23,1708.55
2017,11,8,0,1648.21
2017,11,8,1,1057.95
2017,11,8,2,906.1
2017,11,8,3,771.39
2017,11,8,4,539.99
2017,11,8,5,418.93
2017,11,8,6,360.77
2017,11,8,7,242.94
2017,11,8,8,352.72
2017,11,8,9,533.94
2017,11,8,10,627.1
2017,11,8,11,949.54
2017,11,8,12,1477.12
2017,11,8,13,1650.33
2017,11,8,14,1446.47
2017,11,8,15,1432.27
2017,11,8,16,949.46
2017,11,8,17,574.34
2017,11,8,18,546.15
2017,11,8,19,618.29
2017,11,8,20,668.2
2017,11,8,21,601.22
2017,11,8,22,781.26
2017,11,8,23,1959.89
2017,11,9,0,1932.4
2017,11,9,1,1509.21
2017,11,9,2,1328.44
2017,11,9,3,858.79
2017,11,9,4,458.44
2017,11,9,5,348.7
2017,11,9,6,395.8
2017,11,9,7,178.08
2017,11,9,8,240.42
2017,11,9,9,474.38
2017,11,9,10,567.47
2017,11,9,11,925.71
2017,11,9,12,1343.1
2017,11,9,13,1575.44
2017,11,9,14,1450.67
2017,11,9,15,1495.87
2017,11,9,16,910.34
2017,11,9,17,566.68
2017,11,9,18,583.08
2017,11,9,19,820.71
2017,11,9,20,1035.29
2017,11,9,21,648.44
2017,11,9,22,790.57
2017,11,9,23,1597.61
2017,11,10,0,1724.41
2017,11,10,1,1438.77
2017,11,10,2,1077.71
2017,11,10,3,895.63
2017,11,10,4,575.39
2017,11,10,5,437.25
2017,11,10,6,342.1
2017,11,10,7,252.07
2017,11,10,8,240.09
2017,11,10,9,359.23
2017,11,10,10,560.65
2017,11,10,11,849.45
2017,11,10,12,1160.4
2017,11,10,13,1230.94
2017,11,10,14,1184.72
2017,11,10,15,1003.27
2017,11,10,16,775.54
2017,11,10,17,652.86
2017,11,10,18,519.39
2017,11,10,19,706.46
2017,11,10,20,750.2
2017,11,10,21,884.58
2017,11,10,22,759.18
2017,11,10,23,1888.46
2017,11,11,0,1840.43
2017,11,11,1,1570.65
2017,11,11,2,1302.94
2017,11,11,3,1138.87
2017,11,11,4,658.44
2017,11,11,5,577.44
2017,11,11,6,331.98
2017,11,11,7,183.07
2017,11,11,8,239.2
2017,11,11,9,484.41
2017,11,11,10,578.1
2017,11,11,11,671.83
2017,11,11,12,997.7
2017,11,11,13,1423.4
2017,11,11,14,1342.36
2017,11,11,15,1552.46
2017,11,11,16,1086.38
2017,11,11,17,837.62
2017,11,11,18,671.64
2017,11,11,19,582.67
2017,11,11,20,824.81
2017,11,11,21,688.15
2017,11,11,22,767.51
2017,11,11,23,1354.37
2017,11,12,0,1741.05
2017,11,12,1,1636.26
2017,11,12,2,1180.47
2017,11,12,3,865.38
2017,11,12,4,708.18
2017,11,12,5,430.56
2017,11,12,6,341.37
2017,11,12,7,327.71
2017,11,12,8,302.77
2017,11,12,9,254.78
2017,11,12,10,389.16
2017,11,12,11,444.32
2017,11,12,12,694.02
2017,11,12,13,891.87
2017,11,12,14,1133.89
2017,11,12,15,1226.19
2017,11,12,16,619.39
2017,11,12,17,636.65
2017,11,12,18,611.98
2017,11,12,19,692.97
2017,11,12,20,837.23
2017,11,12,21,907.5
2017,11,12,22,939.7
2017,11,12,23,2040.35
2017,11,13,0,1955.32
2017,11,13,1,1207.6
2017,11,13,2,1052.13
2017,11,13,3,580.2
2017,11,13,4,465.1
2017,11,13,5,458.95
2017,11,13,6,275.2
2017,11,13,7,194.65
2017,11,13,8,401.21
2017,11,13,9,606.51
2017,11,13,10,675.82
2017,11,13,11,1025.11
2017,11,13,12,1282.04
2017,11,13,13,1269.29
2017,11,13,14,1354.33
2017,11,13,15,1445.04
2017,11,13,16,986.24
2017,11,13,17,800.86
2017,11,13,18,757.45
2017,11,13,19,789.33
2017,11,13,20,841.53
2017,11,13,21,1069.7
2017,11,13,22,1082.1
2017,11,13,23,2255.01
2017,11,14,0,1869.44
2017,11,14,1,1261.78
2017,11,14,2,910.08
2017,11,14,3,864.83
2017,11,14,4,613.5
2017,11,14,5,484.87
2017,11,14,6,358.93
2017,11,14,7,236.26
2017,11,14,8,354.52
2017,11,14,9,533.45
2017,11,14,10,674.84
2017,11,14,11,787.62
2017,11,14,12,1308.94
2017,11,14,13,1497.91
2017,11,14,14,1204.17
2017,11,14,15,1151
2017,11,14,16,814.82
2017,11,14,17,629.3
2017,11,14,18,625.66
2017,11,14,19,819.66
2017,11,14,20,908.5
2017,11,14,21,1048.46
2017,11,14,22,997.03
2017,11,14,23,2249.38
2017,11,15,0,2066.77
2017,11,15,1,1449.4
2017,11,15,2,914.02
2017,11,15,3,722.06
2017,11,15,4,592.13
2017,11,15,5,453.72
2017,11,15,6,236.77
2017,11,15,7,117.74
2017,11,15,8,207.65
2017,11,15,9,480.92
2017,11,15,10,799.06
2017,11,15,11,1027.06
2017,11,15,12,1499.94
2017,11,15,13,1553.25
2017,11,15,14,1273.4
2017,11,15,15,1217.66
2017,11,15,16,697.09
2017,11,15,17,634.38
2017,11,15,18,779.28
2017,11,15,19,1157.87
2017,11,15,20,1088.82
2017,11,15,21,968.8
2017,11,15,22,1064.08
2017,11,15,23,1865.13
2017,11,16,0,1861.83
2017,11,16,1,1519.43
2017,11,16,2,1033.29
2017,11,16,3,811.23
2017,11,16,4,618.08
2017,11,16,5,483.22
2017,11,16,6,276.51
2017,11,16,7,266.05
2017,11,16,8,262.77
2017,11,16,9,560.7
2017,11,16,10,614.86
2017,11,16,11,842.82
2017,11,16,12,1251.62
2017,11,16,13,1457.88
2017,11,16,14,1608.03
2017,11,16,15,1492.76
2017,11,16,16,1041.96
2017,11,16,17,707.71
2017,11,16,18,722.3
2017,11,16,19,688.83
2017,11,16,20,643.62
2017,11,16,21,618.01
2017,11,16,22,717.02
2017,11,16,23,1425.37
2017,11,17,0,1508.79
2017,11,17,1,978.98
2017,11,17,2,696.54
2017,11,17,3,671.8
2017,11,17,4,521.55
2017,11,17,5,441.85
2017,11,17,6,266.64
2017,11,17,7,232.59
2017,11,17,8,257.91
2017,11,17,9,439.68
2017,11,17,10,609.97
2017,11,17,11,973.77
2017,11,17,12,1199.44
2017,11,17,13,1408.86
2017,11,17,14,1509.66
2017,11,17,15,1475.07
2017,11,17,16,879.77
2017,11,17,17,681.98
2017,11,17,18,696.91
2017,11,17,19,673.3
2017,11,17,20,837.78
2017,11,17,21,1051.42
2017,11,17,22,1125.14
2017,11,17,23,2106.86
2017,11,18,0,2124.13
2017,11,18,1,1811.56
2017,11,18,2,1193.76
2017,11,18,3,952.41
2017,11,18,4,741.03
2017,11,18,5,664.34
2017,11,18,6,442.38
2017,11,18,7,263.95
2017,11,18,8,337.16
2017,11,18,9,640.87
2017,11,18,10,497.76
2017,11,18,11,818.11
2017,11,18,12,1146.42
2017,11,18,13,1403.73
2017,11,18,14,1619.15
2017,11,18,15,1532.87
2017,11,18,16,966.11
2017,11,18,17,680.74
2017,11,18,18,673.75
2017,11,18,19,878.74
2017,11,18,20,798.26
2017,11,18,21,756.97
2017,11,18,22,935.65
2017,11,18,23,1881.51
2017,11,19,0,2024.3
2017,11,19,1,1240.4
2017,11,19,2,906.8
2017,11,19,3,700.11
2017,11,19,4,522.6
2017,11,19,5,480.22
2017,11,19,6,339.26
2017,11,19,7,352.24
2017,11,19,8,345.7
2017,11,19,9,395.37
2017,11,19,10,453.07
2017,11,19,11,499.59
2017,11,19,12,1066.39
2017,11,19,13,1274.97
2017,11,19,14,1273.65
2017,11,19,15,1344.17
2017,11,19,16,791.29
2017,11,19,17,773.64
2017,11,19,18,721.25
2017,11,19,19,871.35
2017,11,19,20,834.04
2017,11,19,21,813.69
2017,11,19,22,1059.95
2017,11,19,23,1933.93
2017,11,20,0,1933.78
2017,11,20,1,1470.24
2017,11,20,2,1099.32
2017,11,20,3,858.96
2017,11,20,4,586.96
2017,11,20,5,445.8
2017,11,20,6,283.59
2017,11,20,7,292.13
2017,11,20,8,396.31
2017,11,20,9,781.98
2017,11,20,10,883.47
2017,11,20,11,1244.06
2017,11,20,12,1266.46
2017,11,20,13,1428.33
2017,11,20,14,1212.8
2017,11,20,15,1226.44
2017,11,20,16,853.58
2017,11,20,17,740.14
2017,11,20,18,792.3
2017,11,20,19,1021.08
2017,11,20,20,1075.09
2017,11,20,21,892.9
2017,11,20,22,884.93
2017,11,20,23,1872.96
2017,11,21,0,1768.09
2017,11,21,1,1289.66
2017,11,21,2,1103.17
2017,11,21,3,920.09
2017,11,21,4,723.47
2017,11,21,5,494.48
2017,11,21,6,355.18
2017,11,21,7,234.52
2017,11,21,8,358.16
2017,11,21,9,480.65
2017,11,21,10,758.77
2017,11,21,11,1071.94
2017,11,21,12,1132.74
2017,11,21,13,1349.64
2017,11,21,14,1458.87
2017,11,21,15,1329.8
2017,11,21,16,866.74
2017,11,21,17,922.36
2017,11,21,18,912.34
2017,11,21,19,1014.79
2017,11,21,20,902.59
2017,11,21,21,846.86
2017,11,21,22,834.24
2017,11,21,23,1788.72
2017,11,22,0,2010.32
2017,11,22,1,1504.32
2017,11,22,2,770.69
2017,11,22,3,625.37
2017,11,22,4,541.74
2017,11,22,5,432.28
2017,11,22,6,451.61
2017,11,22,7,240.13
2017,11,22,8,326.46
2017,11,22,9,638.22
2017,11,22,10,746.58
2017,11,22,11,898.07
2017,11,22,12,1262.63
2017,11,22,13,1484.12
2017,11,22,14,1426.38
2017,11,22,15,1356.69
2017,11,22,16,812
2017,11,22,17,596.89
2017,11,22,18,476.76
2017,11,22,19,641.83
2017,11,22,20,830.25
2017,11,22,21,1004.65
2017,11,22,22,864.58
2017,11,22,23,1803.86
2017,11,23,0,2010.1
2017,11,23,1,1498.36
2017,11,23,2,1166.06
2017,11,23,3,896.72
2017,11,23,4,585.81
2017,11,23,5,475.65
2017,11,23,6,287.63
2017,11,23,7,174.72
2017,11,23,8,291.26
2017,11,23,9,564.72
2017,11,23,10,813.31
2017,11,23,11,820.74
2017,11,23,12,1436.52
2017,11,23,13,1543
2017,11,23,14,1228.99
2017,11,23,15,1270.85
2017,11,23,16,828.36
2017,11,23,17,689.47
2017,11,23,18,701.24
2017,11,23,19,959.03
2017,11,23,20,957.28
2017,11,23,21,973.39
2017,11,23,22,1147.12
2017,11,23,23,2061.73
2017,11,24,0,2453.51
2017,11,24,1,1782.5
2017,11,24,2,1275.97
2017,11,24,3,962.55
2017,11,24,4,680.16
2017,11,24,5,567.21
2017,11,24,6,395.3
2017,11,24,7,291.75
2017,11,24,8,245.55
2017,11,24,9,511.4
2017,11,24,10,702.2
2017,11,24,11,890.49
2017,11,24,12,1319.86
2017,11,24,13,1580.37
2017,11,24,14,1531.25
2017,11,24,15,1341.5
2017,11,24,16,1078.06
2017,11,24,17,726.8
2017,11,24,18,745.6
2017,11,24,19,712.76
2017,11,24,20,638.72
2017,11,24,21,806.39
2017,11,24,22,745.71
2017,11,24,23,1877.57
2017,11,25,0,1863.48
2017,11,25,1,1467.39
2017,11,25,2,1110.7
2017,11,25,3,1007.44
2017,11,25,4,783.39
2017,11,25,5,617.99
2017,11,25,6,263.54
2017,11,25,7,179.4
2017,11,25,8,317.22
2017,11,25,9,302.33
2017,11,25,10,485.69
2017,11,25,11,774
2017,11,25,12,916.81
2017,11,25,13,1196.51
2017,11,25,14,1115.77
2017,11,25,15,1135.22
2017,11,25,16,873.04
2017,11,25,17,799.49
2017,11,25,18,673.18
2017,11,25,19,637.26
2017,11,25,20,738.02
2017,11,25,21,994.67
2017,11,25,22,822.16
2017,11,25,23,1666.54
2017,11,26,0,2377.05
2017,11,26,1,2935.4
2017,11,26,2,2172.21
2017,11,26,3,1759.39
2017,11,26,4,1210.88
2017,11,26,5,972.3
2017,11,26,6,711.89
2017,11,26,7,457.02
2017,11,26,8,471.22
2017,11,26,9,695.5
2017,11,26,10,992.84
2017,11,26,11,1274.36
2017,11,26,12,1915.86
2017,11,26,13,2551.09
2017,11,26,14,2040.02
2017,11,26,15,2506.9
2017,11,26,16,1709.72
2017,11,26,17,1433.28
2017,11,26,18,1386.59
2017,11,26,19,1433.48
2017,11,26,20,1418.13
2017,11,26,21,1227.98
2017,11,26,22,1755.04
2017,11,26,23,3691.79
2017,11,27,0,2940.58
2017,11,27,1,1612.91
2017,11,27,2,1349.02
2017,11,27,3,927.52
2017,11,27,4,771.29
2017,11,27,5,534.75
2017,11,27,6,289.61
2017,11,27,7,180.36
2017,11,27,8,266.83
2017,11,27,9,691.99
2017,11,27,10,943.12
2017,11,27,11,1205.82
2017,11,27,12,1324.9
2017,11,27,13,1770.03
2017,11,27,14,1682.45
2017,11,27,15,1393.8
2017,11,27,16,977.44
2017,11,27,17,791.24
2017,11,27,18,704.47
2017,11,27,19,874.75
2017,11,27,20,875.04
2017,11,27,21,846.65
2017,11,27,22,1159.13
2017,11,27,23,2120.59
2017,11,28,0,1968.1
2017,11,28,1,1477.1
2017,11,28,2,882.44
2017,11,28,3,726.19
2017,11,28,4,675.53
2017,11,28,5,468.25
2017,11,28,6,208.28
2017,11,28,7,102.61
2017,11,28,8,390.6
2017,11,28,9,678.31
2017,11,28,10,775.61
2017,11,28,11,903.15
2017,11,28,12,1180.5
2017,11,28,13,1581.75
2017,11,28,14,1410.66
2017,11,28,15,1427.48
2017,11,28,16,967.15
2017,11,28,17,699.05
2017,11,28,18,664.3
2017,11,28,19,790.99
2017,11,28,20,995.42
2017,11,28,21,768.94
2017,11,28,22,848.55
2017,11,28,23,1933.01
2017,11,29,0,2173.72
2017,11,29,1,1373.46
2017,11,29,2,997.65
2017,11,29,3,726.46
2017,11,29,4,644.74
2017,11,29,5,551.15
2017,11,29,6,368.74
2017,11,29,7,133.54
2017,11,29,8,232.45
2017,11,29,9,572.02
2017,11,29,10,729.5
2017,11,29,11,1056.5
2017,11,29,12,1448.2
2017,11,29,13,1536.16
2017,11,29,14,1425.24
2017,11,29,15,1482.86
2017,11,29,16,959.18
2017,11,29,17,862.04
2017,11,29,18,684.86
2017,11,29,19,737.34
2017,11,29,20,884.83
2017,11,29,21,782.42
2017,11,29,22,950.84
2017,11,29,23,2093.11
2017,11,30,0,2169.03
2017,11,30,1,1735.41
2017,11,30,2,1292.71
2017,11,30,3,941.46
2017,11,30,4,681.82
2017,11,30,5,498.15
2017,11,30,6,302.84
2017,11,30,7,165.16
2017,11,30,8,341.29
2017,11,30,9,626.67
2017,11,30,10,716.58
2017,11,30,11,1111.27
2017,11,30,12,1590.84
2017,11,30,13,1815.2
2017,11,30,14,1812.45
2017,11,30,15,1442.42
2017,11,30,16,1041.42
2017,11,30,17,764.09
2017,11,30,18,609.33
2017,11,30,19,790.09
2017,11,30,20,881.37
2017,11,30,21,865.6
2017,11,30,22,855.97
2017,11,30,23,2080.35
2017,12,1,0,2298.7
2017,12,1,1,1858.88
2017,12,1,2,1428.26
2017,12,1,3,990.85
2017,12,1,4,680.33
2017,12,1,5,603.74
2017,12,1,6,406.85
2017,12,1,7,192.72
2017,12,1,8,323.34
2017,12,1,9,580.22
2017,12,1,10,619.87
2017,12,1,11,755.66
2017,12,1,12,1239.92
2017,12,1,13,1789.87
2017,12,1,14,1802.62
2017,12,1,15,1193.93
2017,12,1,16,889.34
2017,12,1,17,416.99
2017,12,1,18,461.01
2017,12,1,19,532.31
2017,12,1,20,655.84
2017,12,1,21,671.39
2017,12,1,22,811.93
2017,12,1,23,1809.67
2017,12,2,0,2011.66
2017,12,2,1,1343.17
2017,12,2,2,987.65
2017,12,2,3,977.29
2017,12,2,4,824.08
2017,12,2,5,659.75
2017,12,2,6,404.92
2017,12,2,7,235.78
2017,12,2,8,334.68
2017,12,2,9,455.69
2017,12,2,10,558.59
2017,12,2,11,821.72
2017,12,2,12,1278.57
2017,12,2,13,1273.37
2017,12,2,14,1222.87
2017,12,2,15,1331.41
2017,12,2,16,996.07
2017,12,2,17,789.85
2017,12,2,18,767.37
2017,12,2,19,654.48
2017,12,2,20,741.75
2017,12,2,21,808.27
2017,12,2,22,854.05
2017,12,2,23,1709.57
2017,12,3,0,1959.65
2017,12,3,1,1659.93
2017,12,3,2,1459.07
2017,12,3,3,1133.49
2017,12,3,4,776.5
2017,12,3,5,458.18
2017,12,3,6,326.63
2017,12,3,7,278.36
2017,12,3,8,320.52
2017,12,3,9,512.68
2017,12,3,10,435.24
2017,12,3,11,856.81
2017,12,3,12,1124.74
2017,12,3,13,1267.56
2017,12,3,14,1196.37
2017,12,3,15,1344.68
2017,12,3,16,876.11
2017,12,3,17,807.57
2017,12,3,18,768.52
2017,12,3,19,896.8
2017,12,3,20,921.99
2017,12,3,21,900.1
2017,12,3,22,903.24
2017,12,3,23,1796.92
2017,12,4,0,2028.84
2017,12,4,1,1346.93
2017,12,4,2,1243.06
2017,12,4,3,857.59
2017,12,4,4,491.21
2017,12,4,5,490.8
2017,12,4,6,314.58
2017,12,4,7,147.04
2017,12,4,8,378.16
2017,12,4,9,706.63
2017,12,4,10,896.2
2017,12,4,11,1067.15
2017,12,4,12,1512.88
2017,12,4,13,1508.93
2017,12,4,14,1491.2
2017,12,4,15,1590.32
2017,12,4,16,1118.93
2017,12,4,17,805.14
2017,12,4,18,706.82
2017,12,4,19,986.07
2017,12,4,20,1126.17
2017,12,4,21,878.91
2017,12,4,22,887.81
2017,12,4,23,1825.84
2017,12,5,0,1794.97
2017,12,5,1,1514.82
2017,12,5,2,1202.36
2017,12,5,3,913.95
2017,12,5,4,621.26
2017,12,5,5,576.85
2017,12,5,6,381.7
2017,12,5,7,165.2
2017,12,5,8,313.22
2017,12,5,9,759.65
2017,12,5,10,905.29
2017,12,5,11,962.29
2017,12,5,12,1788.35
2017,12,5,13,1990.24
2017,12,5,14,1384.88
2017,12,5,15,1362.19
2017,12,5,16,887.38
2017,12,5,17,802.9
2017,12,5,18,913.08
2017,12,5,19,998.81
2017,12,5,20,1170.79
2017,12,5,21,1053.15
2017,12,5,22,904.92
2017,12,5,23,1973.41
2017,12,6,0,2013.27
2017,12,6,1,1198.97
2017,12,6,2,1315.62
2017,12,6,3,945.42
2017,12,6,4,733.85
2017,12,6,5,623.11
2017,12,6,6,405.18
2017,12,6,7,206.24
2017,12,6,8,425.7
2017,12,6,9,781.25
2017,12,6,10,753.69
2017,12,6,11,966.91
2017,12,6,12,1178.18
2017,12,6,13,1021.86
2017,12,6,14,284.65
2017,12,6,15,479.78
2017,12,6,16,726.95
2017,12,6,17,479.33
2017,12,6,18,173.62
2017,12,6,19,508.8
2017,12,6,20,653.51
2017,12,6,21,844.34
2017,12,6,22,960.14
2017,12,6,23,2015.5
2017,12,7,0,2314.89
2017,12,7,1,1651.69
2017,12,7,2,1235.96
2017,12,7,3,912.95
2017,12,7,4,497.07
2017,12,7,5,415.79
2017,12,7,6,408.15
2017,12,7,7,197.87
2017,12,7,8,278.2
2017,12,7,9,669.22
2017,12,7,10,820.14
2017,12,7,11,1005.5
2017,12,7,12,1053.86
2017,12,7,13,1133.53
2017,12,7,14,790.16
2017,12,7,15,479.78
2017,12,7,16,726.95
2017,12,7,17,479.33
2017,12,7,18,173.62
2017,12,7,19,508.8
2017,12,7,20,653.51
2017,12,7,21,844.34
2017,12,7,22,960.14
2017,12,7,23,2015.5
2017,12,8,0,2314.89
2017,12,8,1,1651.69
2017,12,8,2,1235.96
2017,12,8,3,912.95
2017,12,8,4,497.07
2017,12,8,5,415.79
2017,12,8,6,408.15
2017,12,8,7,197.87
2017,12,8,8,151.49
2017,12,8,9,626.62
2017,12,8,10,836.05
2017,12,8,11,1009.98
2017,12,8,12,1529.13
2017,12,8,13,1680.32
2017,12,8,14,1708.83
2017,12,8,15,1746.7
2017,12,8,16,1090.93
2017,12,8,17,896.79
2017,12,8,18,750.11
2017,12,8,19,704.85
2017,12,8,20,914.15
2017,12,8,21,1113.88
2017,12,8,22,1036.76
2017,12,8,23,1781.45
2017,12,9,0,2212
2017,12,9,1,1837.43
2017,12,9,2,1425.18
2017,12,9,3,1115.75
2017,12,9,4,869.12
2017,12,9,5,503.96
2017,12,9,6,310.42
2017,12,9,7,212.75
2017,12,9,8,270.71
2017,12,9,9,431.19
2017,12,9,10,505.32
2017,12,9,11,808.14
2017,12,9,12,1151.93
2017,12,9,13,1567.65
2017,12,9,14,1623.98
2017,12,9,15,1592.3
2017,12,9,16,1185.87
2017,12,9,17,913.33
2017,12,9,18,938.02
2017,12,9,19,840.05
2017,12,9,20,785.62
2017,12,9,21,638.76
2017,12,9,22,788.94
2017,12,9,23,2015.56
2017,12,10,0,2164.53
2017,12,10,1,1629.05
2017,12,10,2,1195.73
2017,12,10,3,977.16
2017,12,10,4,719.11
2017,12,10,5,410.55
2017,12,10,6,240.23
2017,12,10,7,259.82
2017,12,10,8,142.53
2017,12,10,9,389.4
2017,12,10,10,539.42
2017,12,10,11,785
2017,12,10,12,1226.19
2017,12,10,13,1349.14
2017,12,10,14,1488.95
2017,12,10,15,1273.66
2017,12,10,16,1144.37
2017,12,10,17,846.97
2017,12,10,18,735.02
2017,12,10,19,933.87
2017,12,10,20,924.39
2017,12,10,21,844.44
2017,12,10,22,960.1
2017,12,10,23,1852.6
2017,12,11,0,2046.08
2017,12,11,1,1663.06
2017,12,11,2,1406
2017,12,11,3,929.22
2017,12,11,4,533.88
2017,12,11,5,407.84
2017,12,11,6,340.96
2017,12,11,7,237.48
2017,12,11,8,314.78
2017,12,11,9,635.09
2017,12,11,10,764.6
2017,12,11,11,1049.91
2017,12,11,12,1339.54
2017,12,11,13,1610.68
2017,12,11,14,1288.91
2017,12,11,15,1185.15
2017,12,11,16,1090.85
2017,12,11,17,907.51
2017,12,11,18,923.72
2017,12,11,19,922.44
2017,12,11,20,1068.05
2017,12,11,21,950.71
2017,12,11,22,898.36
2017,12,11,23,1846.22
2017,12,12,0,1782.56
2017,12,12,1,1298.99
2017,12,12,2,1217.31
2017,12,12,3,1023.76
2017,12,12,4,616.83
2017,12,12,5,477.62
2017,12,12,6,278.38
2017,12,12,7,151.86
2017,12,12,8,413.41
2017,12,12,9,740.37
2017,12,12,10,927.89
2017,12,12,11,1063.72
2017,12,12,12,1441.39
2017,12,12,13,1566.03
2017,12,12,14,1622.54
2017,12,12,15,1642.67
2017,12,12,16,970.95
2017,12,12,17,753.41
2017,12,12,18,755.29
2017,12,12,19,907.21
2017,12,12,20,1020.01
2017,12,12,21,1016.16
2017,12,12,22,1072.64
2017,12,12,23,2091.36
2017,12,13,0,1926.48
2017,12,13,1,1532.57
2017,12,13,2,1351.95
2017,12,13,3,1204.49
2017,12,13,4,732.51
2017,12,13,5,532.03
2017,12,13,6,508.01
2017,12,13,7,415.11
2017,12,13,8,399.39
2017,12,13,9,636.93
2017,12,13,10,697.4
2017,12,13,11,928.08
2017,12,13,12,1254.62
2017,12,13,13,1363.18
2017,12,13,14,1769.71
2017,12,13,15,1625.13
2017,12,13,16,1204.15
2017,12,13,17,934.64
2017,12,13,18,888.74
2017,12,13,19,964.52
2017,12,13,20,1132.23
2017,12,13,21,1109.7
2017,12,13,22,1100.64
2017,12,13,23,2221.58
2017,12,14,0,2087.25
2017,12,14,1,1483.05
2017,12,14,2,990.84
2017,12,14,3,867.8
2017,12,14,4,596.71
2017,12,14,5,451.55
2017,12,14,6,253.84
2017,12,14,7,116.4
2017,12,14,8,267.82
2017,12,14,9,713.97
2017,12,14,10,1043.75
2017,12,14,11,1235.24
2017,12,14,12,1130.23
2017,12,14,13,1279.7
2017,12,14,14,1234.62
2017,12,14,15,1339.29
2017,12,14,16,1024.21
2017,12,14,17,771.61
2017,12,14,18,710.33
2017,12,14,19,988.65
2017,12,14,20,1173.78
2017,12,14,21,887.81
2017,12,14,22,1077.42
2017,12,14,23,1889.09
2017,12,15,0,1804.04
2017,12,15,1,1366.77
2017,12,15,2,1004.49
2017,12,15,3,877.77
2017,12,15,4,596.65
2017,12,15,5,344.37
2017,12,15,6,340.68
2017,12,15,7,227.3
2017,12,15,8,380.23
2017,12,15,9,605.37
2017,12,15,10,774.3
2017,12,15,11,1027.26
2017,12,15,12,1751.95
2017,12,15,13,1825.73
2017,12,15,14,1363.07
2017,12,15,15,1585.04
2017,12,15,16,993.31
2017,12,15,17,972.78
2017,12,15,18,943.3
2017,12,15,19,981.94
2017,12,15,20,1132.35
2017,12,15,21,1006.32
2017,12,15,22,1245.55
2017,12,15,23,2252.81
2017,12,16,0,2473.19
2017,12,16,1,1794
2017,12,16,2,1393.54
2017,12,16,3,1022.99
2017,12,16,4,745.88
2017,12,16,5,679.95
2017,12,16,6,441.2
2017,12,16,7,244.94
2017,12,16,8,354.35
2017,12,16,9,530.82
2017,12,16,10,681.67
2017,12,16,11,908.18
2017,12,16,12,1075.4
2017,12,16,13,1700.26
2017,12,16,14,1653.52
2017,12,16,15,1674.62
2017,12,16,16,1272.45
2017,12,16,17,983.35
2017,12,16,18,912.94
2017,12,16,19,858.95
2017,12,16,20,849.81
2017,12,16,21,922.01
2017,12,16,22,1205.62
2017,12,16,23,2125.69
2017,12,17,0,2500.45
2017,12,17,1,1963.84
2017,12,17,2,1356.28
2017,12,17,3,1110.91
2017,12,17,4,814.05
2017,12,17,5,468.01
2017,12,17,6,453.93
2017,12,17,7,294.95
2017,12,17,8,376.8
2017,12,17,9,552.39
2017,12,17,10,713.06
2017,12,17,11,1011.4
2017,12,17,12,1136.81
2017,12,17,13,1630.45
2017,12,17,14,1695.72
2017,12,17,15,1744.04
2017,12,17,16,991.03
2017,12,17,17,771.12
2017,12,17,18,940.28
2017,12,17,19,879.61
2017,12,17,20,867.15
2017,12,17,21,999.81
2017,12,17,22,1068.41
2017,12,17,23,2124.1
2017,12,18,0,2141.97
2017,12,18,1,1751.93
2017,12,18,2,1489.73
2017,12,18,3,1120.61
2017,12,18,4,585.5
2017,12,18,5,472.18
2017,12,18,6,298.34
2017,12,18,7,188.01
2017,12,18,8,358.82
2017,12,18,9,770.31
2017,12,18,10,870.44
2017,12,18,11,1055.87
2017,12,18,12,1578.09
2017,12,18,13,1625.22
2017,12,18,14,1687.18
2017,12,18,15,1640.91
2017,12,18,16,1152.48
2017,12,18,17,771.44
2017,12,18,18,928.13
2017,12,18,19,1004.09
2017,12,18,20,919.03
2017,12,18,21,889.2
2017,12,18,22,889.78
2017,12,18,23,2142.45
2017,12,19,0,2165.84
2017,12,19,1,1505.27
2017,12,19,2,1327.77
2017,12,19,3,1058.78
2017,12,19,4,768.55
2017,12,19,5,575.51
2017,12,19,6,433.83
2017,12,19,7,167.52
2017,12,19,8,267.91
2017,12,19,9,650.83
2017,12,19,10,786.68
2017,12,19,11,946.51
2017,12,19,12,1517.61
2017,12,19,13,1969.12
2017,12,19,14,1582.49
2017,12,19,15,1607.39
2017,12,19,16,966.82
2017,12,19,17,877.86
2017,12,19,18,894.59
2017,12,19,19,1175.94
2017,12,19,20,1133.74
2017,12,19,21,1081.44
2017,12,19,22,1239.78
2017,12,19,23,2464.09
2017,12,20,0,2262.34
2017,12,20,1,1549.58
2017,12,20,2,1005.94
2017,12,20,3,922.22
2017,12,20,4,740.46
2017,12,20,5,472.53
2017,12,20,6,416.65
2017,12,20,7,286.9
2017,12,20,8,501.21
2017,12,20,9,712.7
2017,12,20,10,663.07
2017,12,20,11,1179.01
2017,12,20,12,1591.66
2017,12,20,13,1650
2017,12,20,14,1653.39
2017,12,20,15,1354.52
2017,12,20,16,1081.37
2017,12,20,17,767.32
2017,12,20,18,790.92
2017,12,20,19,887.91
2017,12,20,20,1217.18
2017,12,20,21,1025.74
2017,12,20,22,1236.25
2017,12,20,23,2122.51
2017,12,21,0,2047.96
2017,12,21,1,1331.54
2017,12,21,2,1145.5
2017,12,21,3,781.34
2017,12,21,4,769.58
2017,12,21,5,611.63
2017,12,21,6,452.74
2017,12,21,7,246.44
2017,12,21,8,473.49
2017,12,21,9,776.24
2017,12,21,10,669.41
2017,12,21,11,1004.02
2017,12,21,12,1525.42
2017,12,21,13,1874.18
2017,12,21,14,1729.29
2017,12,21,15,1559.21
2017,12,21,16,1157.52
2017,12,21,17,749.56
2017,12,21,18,828.44
2017,12,21,19,999.55
2017,12,21,20,1202.27
2017,12,21,21,1051.91
2017,12,21,22,957.34
2017,12,21,23,2135.09
2017,12,22,0,2166.28
2017,12,22,1,1821.36
2017,12,22,2,1288.72
2017,12,22,3,998.97
2017,12,22,4,727.61
2017,12,22,5,538.33
2017,12,22,6,368.53
2017,12,22,7,204.98
2017,12,22,8,320.52
2017,12,22,9,774.5
2017,12,22,10,855.99
2017,12,22,11,1092.25
2017,12,22,12,1595.85
2017,12,22,13,1756.92
2017,12,22,14,1711.45
2017,12,22,15,1815.93
2017,12,22,16,1182.5
2017,12,22,17,827.19
2017,12,22,18,926.2
2017,12,22,19,1296.81
2017,12,22,20,1105.57
2017,12,22,21,1102.53
2017,12,22,22,1119.54
2017,12,22,23,1902.97
2017,12,23,0,2005.88
2017,12,23,1,1656.79
2017,12,23,2,1403.4
2017,12,23,3,1088.71
2017,12,23,4,856.3
2017,12,23,5,612.16
2017,12,23,6,277.49
2017,12,23,7,189.63
2017,12,23,8,347.28
2017,12,23,9,408.67
2017,12,23,10,649.77
2017,12,23,11,894.32
2017,12,23,12,1341.49
2017,12,23,13,1513.7
2017,12,23,14,1386.45
2017,12,23,15,1693.84
2017,12,23,16,1145.5
2017,12,23,17,965.08
2017,12,23,18,789.16
2017,12,23,19,766.79
2017,12,23,20,694.25
2017,12,23,21,687.87
2017,12,23,22,966.98
2017,12,23,23,1987.86
2017,12,24,0,2325.67
2017,12,24,1,1920.65
2017,12,24,2,1319.91
2017,12,24,3,1076.06
2017,12,24,4,873.46
2017,12,24,5,840.78
2017,12,24,6,519.72
2017,12,24,7,303.1
2017,12,24,8,315.1
2017,12,24,9,504.4
2017,12,24,10,563.12
2017,12,24,11,866.03
2017,12,24,12,1364.39
2017,12,24,13,1751.05
2017,12,24,14,1413.65
2017,12,24,15,1712.95
2017,12,24,16,1276.05
2017,12,24,17,887.18
2017,12,24,18,1097.72
2017,12,24,19,882.82
2017,12,24,20,978.1
2017,12,24,21,928.23
2017,12,24,22,903.28
2017,12,24,23,1802.31
2017,12,25,0,2037.93
2017,12,25,1,1659.95
2017,12,25,2,1487.35
2017,12,25,3,1222.46
2017,12,25,4,1018.69
2017,12,25,5,791.23
2017,12,25,6,455.26
2017,12,25,7,238.45
2017,12,25,8,375.95
2017,12,25,9,779.69
2017,12,25,10,810.42
2017,12,25,11,996.68
2017,12,25,12,1516.41
2017,12,25,13,2010.11
2017,12,25,14,1693.26
2017,12,25,15,1522.83
2017,12,25,16,1270.44
2017,12,25,17,896.45
2017,12,25,18,673.86
2017,12,25,19,943.84
2017,12,25,20,1088.44
2017,12,25,21,837.39
2017,12,25,22,951.71
2017,12,25,23,1837.08
2017,12,26,0,2227.18
2017,12,26,1,1870.61
2017,12,26,2,1515.39
2017,12,26,3,1077.34
2017,12,26,4,784.58
2017,12,26,5,691.96
2017,12,26,6,659.36
2017,12,26,7,248.93
2017,12,26,8,410.51
2017,12,26,9,681.91
2017,12,26,10,837.86
2017,12,26,11,1460.12
2017,12,26,12,2125.79
2017,12,26,13,2125.73
2017,12,26,14,1635.37
2017,12,26,15,1538.37
2017,12,26,16,1078.92
2017,12,26,17,723.94
2017,12,26,18,779.03
2017,12,26,19,1036.67
2017,12,26,20,1105.95
2017,12,26,21,1130.08
2017,12,26,22,1176.99
2017,12,26,23,2128.79
2017,12,27,0,2331.91
2017,12,27,1,1703.53
2017,12,27,2,1553.7
2017,12,27,3,974.12
2017,12,27,4,746.97
2017,12,27,5,529.08
2017,12,27,6,294.45
2017,12,27,7,267.31
2017,12,27,8,366.71
2017,12,27,9,761.58
2017,12,27,10,979.9
2017,12,27,11,1529.76
2017,12,27,12,1752.54
2017,12,27,13,1832.58
2017,12,27,14,1607.84
2017,12,27,15,1694.22
2017,12,27,16,1393.14
2017,12,27,17,1100.16
2017,12,27,18,1017.4
2017,12,27,19,979.7
2017,12,27,20,1272.54
2017,12,27,21,1116.34
2017,12,27,22,1106.47
2017,12,27,23,2072.28
2017,12,28,0,2274.23
2017,12,28,1,1588.26
2017,12,28,2,1320.54
2017,12,28,3,970.04
2017,12,28,4,680.76
2017,12,28,5,488.17
2017,12,28,6,425.03
2017,12,28,7,167.33
2017,12,28,8,214.06
2017,12,28,9,668.35
2017,12,28,10,927.62
2017,12,28,11,1061.63
2017,12,28,12,1427.37
2017,12,28,13,1604.43
2017,12,28,14,1510.12
2017,12,28,15,1504.95
2017,12,28,16,1053.97
2017,12,28,17,906.49
2017,12,28,18,800.48
2017,12,28,19,931.52
2017,12,28,20,1067.56
2017,12,28,21,926.28
2017,12,28,22,1089.12
2017,12,28,23,2441.41
2017,12,29,0,2451.45
2017,12,29,1,1864.98
2017,12,29,2,1517.29
2017,12,29,3,1105.28
2017,12,29,4,783.58
2017,12,29,5,578.87
2017,12,29,6,390.36
2017,12,29,7,290.36
2017,12,29,8,421.93
2017,12,29,9,875.88
2017,12,29,10,861.64
2017,12,29,11,1288.43
2017,12,29,12,1599.64
2017,12,29,13,1808.54
2017,12,29,14,1765.94
2017,12,29,15,1881.44
2017,12,29,16,1241.35
2017,12,29,17,852.12
2017,12,29,18,1000.44
2017,12,29,19,1188.74
2017,12,29,20,1284.85
2017,12,29,21,1130.05
2017,12,29,22,1185.5
2017,12,29,23,2128.69
2017,12,30,0,2362.6
2017,12,30,1,1926.54
2017,12,30,2,1559.26
2017,12,30,3,1352.6
2017,12,30,4,998.33
2017,12,30,5,579.28
2017,12,30,6,466.9
2017,12,30,7,270.6
2017,12,30,8,456.66
2017,12,30,9,468.14
2017,12,30,10,650.62
2017,12,30,11,988.14
2017,12,30,12,1403.15
2017,12,30,13,1619.1
2017,12,30,14,1741.78
2017,12,30,15,1693.7
2017,12,30,16,1208.48
2017,12,30,17,880.32
2017,12,30,18,1110.3
2017,12,30,19,1111.77
2017,12,30,20,1143.46
2017,12,30,21,866.55
2017,12,30,22,843.59
2017,12,30,23,1845.39
2017,12,31,0,2354.66
2017,12,31,1,1975.37
2017,12,31,2,1446.75
2017,12,31,3,1112.37
2017,12,31,4,831.17
2017,12,31,5,522.08
2017,12,31,6,401.09
2017,12,31,7,261.42
2017,12,31,8,290.38
2017,12,31,9,440.4
2017,12,31,10,660.48
2017,12,31,11,889.14
2017,12,31,12,1231.15
2017,12,31,13,1522.99
2017,12,31,14,1690.4
2017,12,31,15,1661.01
2017,12,31,16,1143.27
2017,12,31,17,891.79
2017,12,31,18,902.31
2017,12,31,19,949.8
2017,12,31,20,829.69
2017,12,31,21,805.98
2017,12,31,22,1060.6
2017,12,31,23,1875.81